code,code,decimal_point,name,pre_close,sec,sse,volunit
000001,000001,2,上证指数,2737.7368164062,index_cn,sh,100
000002,000002,2,Ａ股指数,2867.0090332031,index_cn,sh,100
000003,000003,2,Ｂ股指数,287.6069030762,index_cn,sh,100
000004,000004,2,工业指数,2229.6860351562,index_cn,sh,100
000005,000005,2,商业指数,2408.505859375,index_cn,sh,100
000006,000006,2,地产指数,5896.65234375,index_cn,sh,100
000007,000007,2,公用指数,4745.6616210938,index_cn,sh,100
000008,000008,2,综合指数,2533.5466308594,index_cn,sh,100
000009,000009,2,上证380,4433.9233398438,index_cn,sh,100
000010,000010,2,上证180,7393.9306640625,index_cn,sh,100
000011,000011,2,基金指数,5759.7075195312,index_cn,sh,100
000012,000012,2,国债指数,166.591003418,index_cn,sh,100
000013,000013,2,企债指数,221.0601959229,index_cn,sh,100
000015,000015,2,红利指数,2584.2624511719,index_cn,sh,100
000016,000016,2,上证50,2479.2094726562,index_cn,sh,100
000017,000017,2,新综指,2311.30078125,index_cn,sh,100
000018,000018,2,180金融,4605.091796875,index_cn,sh,100
000019,000019,2,治理指数,938.176574707,index_cn,sh,100
000020,000020,2,中型综指,943.4235839844,index_cn,sh,100
000021,000021,2,180治理,876.7647705078,index_cn,sh,100
000022,000022,2,沪公司债,188.2736053467,index_cn,sh,100
000025,000025,2,180基建,1695.1623535156,index_cn,sh,100
000026,000026,2,180资源,2317.9116210938,index_cn,sh,100
000027,000027,2,180运输,985.5491943359,index_cn,sh,100
000028,000028,2,180成长,2967.8461914062,index_cn,sh,100
000029,000029,2,180价值,3706.4052734375,index_cn,sh,100
000030,000030,2,180R成长,1828.9088134766,index_cn,sh,100
000031,000031,2,180R价值,2675.0307617188,index_cn,sh,100
000032,000032,2,上证能源,1436.2352294922,index_cn,sh,100
000033,000033,2,上证材料,1945.5106201172,index_cn,sh,100
000034,000034,2,上证工业,1879.3228759766,index_cn,sh,100
000035,000035,2,上证可选,2308.0151367188,index_cn,sh,100
000036,000036,2,上证消费,8037.0966796875,index_cn,sh,100
000037,000037,2,上证医药,6629.7294921875,index_cn,sh,100
000038,000038,2,上证金融,4548.1206054688,index_cn,sh,100
000039,000039,2,上证信息,2927.265625,index_cn,sh,100
000040,000040,2,上证电信,2757.6215820312,index_cn,sh,100
000041,000041,2,上证公用,1850.2242431641,index_cn,sh,100
000042,000042,2,上证央企,1422.6326904297,index_cn,sh,100
000043,000043,2,超大盘,2141.7827148438,index_cn,sh,100
000044,000044,2,上证中盘,3011.5869140625,index_cn,sh,100
000045,000045,2,上证小盘,3703.4367675781,index_cn,sh,100
000046,000046,2,上证中小,3342.5395507812,index_cn,sh,100
000047,000047,2,上证全指,2848.857421875,index_cn,sh,100
000048,000048,2,责任指数,1296.6457519531,index_cn,sh,100
000049,000049,2,上证民企,1499.7838134766,index_cn,sh,100
000050,000050,2,50等权,2077.8266601562,index_cn,sh,100
000051,000051,2,180等权,7236.5703125,index_cn,sh,100
000052,000052,2,50基本,2736.6655273438,index_cn,sh,100
000053,000053,2,180基本,9925.310546875,index_cn,sh,100
000054,000054,2,上证海外,1172.7717285156,index_cn,sh,100
000055,000055,2,上证地企,1000.4998779297,index_cn,sh,100
000056,000056,2,上证国企,926.0736083984,index_cn,sh,100
000057,000057,2,全指成长,3392.666015625,index_cn,sh,100
000058,000058,2,全指价值,3737.7260742188,index_cn,sh,100
000059,000059,2,全R成长,2465.79296875,index_cn,sh,100
000060,000060,2,全R价值,3174.275390625,index_cn,sh,100
000061,000061,2,沪企债30,149.0843048096,index_cn,sh,100
000062,000062,2,上证沪企,1929.2507324219,index_cn,sh,100
000063,000063,2,上证周期,2870.3203125,index_cn,sh,100
000064,000064,2,非周期,2575.7014160156,index_cn,sh,100
000065,000065,2,上证龙头,2872.8955078125,index_cn,sh,100
000066,000066,2,上证商品,1639.6120605469,index_cn,sh,100
000067,000067,2,上证新兴,6385.0131835938,index_cn,sh,100
000068,000068,2,上证资源,1761.1875,index_cn,sh,100
000069,000069,2,消费80,4264.751953125,index_cn,sh,100
000070,000070,2,能源等权,2084.7192382812,index_cn,sh,100
000071,000071,2,材料等权,2820.1530761719,index_cn,sh,100
000072,000072,2,工业等权,2348.6018066406,index_cn,sh,100
000073,000073,2,可选等权,2258.3544921875,index_cn,sh,100
000074,000074,2,消费等权,5783.7426757812,index_cn,sh,100
000075,000075,2,医药等权,7734.1171875,index_cn,sh,100
000076,000076,2,金融等权,4315.2241210938,index_cn,sh,100
000077,000077,2,信息等权,3490.7783203125,index_cn,sh,100
000078,000078,2,电信等权,2171.3332519531,index_cn,sh,100
000079,000079,2,公用等权,1777.48046875,index_cn,sh,100
000090,000090,2,上证流通,997.3782958984,index_cn,sh,100
000091,000091,2,沪财中小,7347.4448242188,index_cn,sh,100
000092,000092,2,资源50,2369.0009765625,index_cn,sh,100
000093,000093,2,180分层,8817.650390625,index_cn,sh,100
000094,000094,2,上证上游,2011.1038818359,index_cn,sh,100
000095,000095,2,上证中游,2431.6560058594,index_cn,sh,100
000096,000096,2,上证下游,3645.6538085938,index_cn,sh,100
000097,000097,2,高端装备,5597.7641601562,index_cn,sh,100
000098,000098,2,上证F200,4062.5227050781,index_cn,sh,100
000099,000099,2,上证F300,5761.77734375,index_cn,sh,100
000100,000100,2,上证F500,4464.1557617188,index_cn,sh,100
000101,000101,2,5年信用,187.7631072998,index_cn,sh,100
000102,000102,2,沪投资品,3466.5561523438,index_cn,sh,100
000103,000103,2,沪消费品,7668.9135742188,index_cn,sh,100
000104,000104,2,380能源,1145.8032226562,index_cn,sh,100
000105,000105,2,380材料,3819.3825683594,index_cn,sh,100
000106,000106,2,380工业,4147.26171875,index_cn,sh,100
000107,000107,2,380可选,4226.94921875,index_cn,sh,100
000108,000108,2,380消费,8178.3608398438,index_cn,sh,100
000109,000109,2,380医药,9505.611328125,index_cn,sh,100
000110,000110,2,380金融,3354.1306152344,index_cn,sh,100
000111,000111,2,380信息,4609.0834960938,index_cn,sh,100
000112,000112,2,380电信,6852.1884765625,index_cn,sh,100
000113,000113,2,380公用,1756.046875,index_cn,sh,100
000114,000114,2,持续产业,901.5338745117,index_cn,sh,100
000115,000115,2,380等权,5718.1684570312,index_cn,sh,100
000116,000116,2,信用100,176.6260986328,index_cn,sh,100
000117,000117,2,380成长,4796.5859375,index_cn,sh,100
000118,000118,2,380价值,6980.2568359375,index_cn,sh,100
000119,000119,2,380R成长,3653.2060546875,index_cn,sh,100
000120,000120,2,380R价值,5384.548828125,index_cn,sh,100
000121,000121,2,医药主题,9302.73828125,index_cn,sh,100
000122,000122,2,农业主题,1141.9705810547,index_cn,sh,100
000123,000123,2,180动态,5592.7006835938,index_cn,sh,100
000125,000125,2,180稳定,9068.7138671875,index_cn,sh,100
000126,000126,2,消费50,6468.8842773438,index_cn,sh,100
000128,000128,2,380基本,5642.7895507812,index_cn,sh,100
000129,000129,2,180波动,11402.35546875,index_cn,sh,100
000130,000130,2,380波动,8184.048828125,index_cn,sh,100
000131,000131,2,上证高新,1329.1671142578,index_cn,sh,100
000132,000132,2,上证100,5107.8681640625,index_cn,sh,100
000133,000133,2,上证150,3767.3347167969,index_cn,sh,100
000134,000134,2,上证银行,774.158203125,index_cn,sh,100
000135,000135,2,180高贝,4951.8471679688,index_cn,sh,100
000136,000136,2,180低贝,8296.03515625,index_cn,sh,100
000137,000137,2,380高贝,3896.5334472656,index_cn,sh,100
000138,000138,2,380低贝,5067.1875,index_cn,sh,100
000139,000139,2,上证转债,266.2044067383,index_cn,sh,100
000141,000141,2,380动态,3111.3518066406,index_cn,sh,100
000142,000142,2,380稳定,5832.5283203125,index_cn,sh,100
000145,000145,2,优势资源,3133.5595703125,index_cn,sh,100
000146,000146,2,优势制造,4729.1313476562,index_cn,sh,100
000147,000147,2,优势消费,6268.681640625,index_cn,sh,100
000148,000148,2,消费领先,7025.6586914062,index_cn,sh,100
000149,000149,2,180红利,3371.9104003906,index_cn,sh,100
000150,000150,2,380红利,7253.708984375,index_cn,sh,100
000151,000151,2,上国红利,1162.5279541016,index_cn,sh,100
000152,000152,2,上央红利,1831.15234375,index_cn,sh,100
000153,000153,2,上民红利,2210.1560058594,index_cn,sh,100
000155,000155,2,市值百强,2468.359375,index_cn,sh,100
000158,000158,2,上证环保,1099.5219726562,index_cn,sh,100
000159,000159,2,沪股通,2648.7409667969,index_cn,sh,100
000160,000160,2,沪新丝路,1314.6372070312,index_cn,sh,100
000161,000161,2,沪中国造,1390.8575439453,index_cn,sh,100
000162,000162,2,沪互联+,2139.8725585938,index_cn,sh,100
000170,000170,2,50AH优选,4720.5625,index_cn,sh,100
000171,000171,2,新兴成指,1108.3986816406,index_cn,sh,100
000300,000300,2,沪深300,3351.0942382812,index_cn,sh,100
000802,000802,2,500沪市,4993.8100585938,index_cn,sh,100
000805,000805,2,A股资源,3553.6857910156,index_cn,sh,100
000806,000806,2,消费服务,7120.4028320312,index_cn,sh,100
000807,000807,2,食品饮料,12950.369140625,index_cn,sh,100
000808,000808,2,医药生物,9675.767578125,index_cn,sh,100
000814,000814,2,细分医药,9661.7890625,index_cn,sh,100
000816,000816,2,细分地产,5330.5717773438,index_cn,sh,100
000819,000819,2,有色金属,3632.802734375,index_cn,sh,100
000821,000821,2,300红利,5177.0908203125,index_cn,sh,100
000823,000823,2,800有色,3588.5759277344,index_cn,sh,100
000827,000827,2,中证环保,1200.4572753906,index_cn,sh,100
000828,000828,2,300高贝,2117.4858398438,index_cn,sh,100
000832,000832,2,中证转债,283.1936035156,index_cn,sh,100
000833,000833,2,中高企债,177.7098999023,index_cn,sh,100
000841,000841,2,800医药,9858.400390625,index_cn,sh,100
000842,000842,2,800等权,4743.17578125,index_cn,sh,100
000846,000846,2,ESG 10,1056.2443847656,index_cn,sh,100
000847,000847,2,腾讯济安,1951.8154296875,index_cn,sh,100
000849,000849,2,300非银,8153.3491210938,index_cn,sh,100
000850,000850,2,300有色,2868.4729003906,index_cn,sh,100
000851,000851,2,百发100,11100.787109375,index_cn,sh,100
000852,000852,2,中证1000,5114.2661132812,index_cn,sh,100
000853,000853,2,CSSW丝路,1544.8868408203,index_cn,sh,100
000854,000854,2,500原料,3915.7956542969,index_cn,sh,100
000855,000855,2,央视500,1087.8740234375,index_cn,sh,100
000856,000856,2,500工业,3917.7583007812,index_cn,sh,100
000857,000857,2,500医药,10607.77734375,index_cn,sh,100
000858,000858,2,500信息,5602.3798828125,index_cn,sh,100
000863,000863,2,CS精准医,2506.2194824219,index_cn,sh,100
000865,000865,2,上海国企,1386.8778076172,index_cn,sh,100
000867,000867,2,港中小企,3371.7768554688,index_cn,sh,100
000869,000869,2,HK银行,3410.3249511719,index_cn,sh,100
000891,000891,2,新兴综指,1055.8188476562,index_cn,sh,100
000901,000901,2,小康指数,4846.3833007812,index_cn,sh,100
000903,000903,2,中证100,3496.7373046875,index_cn,sh,100
000904,000904,2,中证200,3416.4580078125,index_cn,sh,100
000905,000905,2,中证500,4867.1215820312,index_cn,sh,100
000906,000906,2,中证800,3603.0356445312,index_cn,sh,100
000908,000908,2,300能源,1734.1988525391,index_cn,sh,100
000909,000909,2,300材料,2105.6418457031,index_cn,sh,100
000910,000910,2,300工业,2021.2924804688,index_cn,sh,100
000911,000911,2,300可选,4754.0546875,index_cn,sh,100
000912,000912,2,300消费,13066.302734375,index_cn,sh,100
000913,000913,2,300医药,10434.6005859375,index_cn,sh,100
000914,000914,2,300金融,5414.1787109375,index_cn,sh,100
000917,000917,2,300公用,1804.5389404297,index_cn,sh,100
000918,000918,2,300成长,3810.0297851562,index_cn,sh,100
000919,000919,2,300价值,4409.5278320312,index_cn,sh,100
000922,000922,2,中证红利,3990.2265625,index_cn,sh,100
000925,000925,2,基本面50,3939.5258789062,index_cn,sh,100
000928,000928,2,中证能源,1882.4339599609,index_cn,sh,100
000931,000931,2,中证可选,4440.7822265625,index_cn,sh,100
000932,000932,2,中证消费,10978.845703125,index_cn,sh,100
000933,000933,2,中证医药,9877.8427734375,index_cn,sh,100
000934,000934,2,中证金融,5215.5537109375,index_cn,sh,100
000935,000935,2,中证信息,3580.0590820312,index_cn,sh,100
000939,000939,2,民企200,1461.7320556641,index_cn,sh,100
000940,000940,2,财富大盘,4448.7924804688,index_cn,sh,100
000944,000944,2,内地资源,2307.5451660156,index_cn,sh,100
000950,000950,2,300基建,1858.0679931641,index_cn,sh,100
000951,000951,2,300银行,5418.8862304688,index_cn,sh,100
000952,000952,2,300地产,7352.5063476562,index_cn,sh,100
000957,000957,2,300运输,1297.2940673828,index_cn,sh,100
000958,000958,2,创业成长,996.7749023438,index_cn,sh,100
000959,000959,2,银河99,5939.6225585938,index_cn,sh,100
000961,000961,2,中证上游,2221.9985351562,index_cn,sh,100
000963,000963,2,中证下游,4913.4204101562,index_cn,sh,100
000964,000964,2,中证新兴,6902.1259765625,index_cn,sh,100
000966,000966,2,基本400,5515.7900390625,index_cn,sh,100
000969,000969,2,300非周,3721.7556152344,index_cn,sh,100
000971,000971,2,等权90,2404.9614257812,index_cn,sh,100
000974,000974,2,800金融,5331.7421875,index_cn,sh,100
000975,000975,2,钱江30,1119.8572998047,index_cn,sh,100
000977,000977,2,内地低碳,1027.3143310547,index_cn,sh,100
000978,000978,2,医药100,12232.275390625,index_cn,sh,100
000979,000979,2,大宗商品,3461.1157226562,index_cn,sh,100
000982,000982,2,500等权,5748.03515625,index_cn,sh,100
000983,000983,2,智能资产,7839.9248046875,index_cn,sh,100
000984,000984,2,300等权,3442.1433105469,index_cn,sh,100
000986,000986,2,全指能源,1715.755859375,index_cn,sh,100
000987,000987,2,全指材料,2704.6821289062,index_cn,sh,100
000989,000989,2,全指可选,4248.15625,index_cn,sh,100
000990,000990,2,全指消费,9650.9443359375,index_cn,sh,100
000991,000991,2,全指医药,9273.4521484375,index_cn,sh,100
000992,000992,2,全指金融,4983.8295898438,index_cn,sh,100
000993,000993,2,全指信息,4590.1171875,index_cn,sh,100
000998,000998,2,中证TMT,1563.4516601562,index_cn,sh,100
395001,395001,2,主板Ａ股,463.0,index_cn,sz,100
395002,395002,2,主板Ｂ股,288.0,index_cn,sz,100
395003,395003,2,中小板,912.0,index_cn,sz,100
395004,395004,2,创业板,730.0,index_cn,sz,100
395005,395005,2,存托凭证,5.877471754e-39,index_cn,sz,100
395011,395011,2,封闭基金,32768.5,index_cn,sz,100
395012,395012,2,ＬＯＦｓ,240.0,index_cn,sz,100
395013,395013,2,ＥＴＦｓ,384.0,index_cn,sz,100
395014,395014,2,分级基金,226.0,index_cn,sz,100
395021,395021,2,可 转 债,304.0,index_cn,sz,100
395022,395022,2,企业债,264.0,index_cn,sz,100
395024,395024,2,公司债,530.0,index_cn,sz,100
395031,395031,2,国债,2868.0,index_cn,sz,100
395032,395032,2,债券回购,264.0,index_cn,sz,100
395041,395041,2,股票权证,5.877471754e-39,index_cn,sz,100
395099,395099,2,总 成 交,2153.0,index_cn,sz,100
399001,399001,2,深证成指,8552.7978515625,index_cn,sz,100
399002,399002,2,深成指R,10333.4912109375,index_cn,sz,100
399003,399003,2,成份Ｂ指,5603.2338867188,index_cn,sz,100
399004,399004,2,深证100R,4487.8579101562,index_cn,sz,100
399005,399005,2,中小板指,5910.9936523438,index_cn,sz,100
399006,399006,2,创业板指,1457.916015625,index_cn,sz,100
399007,399007,2,深证300,3587.7890625,index_cn,sz,100
399008,399008,2,中小300,1142.1962890625,index_cn,sz,100
399009,399009,2,深证200,3534.1003417969,index_cn,sz,100
399010,399010,2,深证700,5342.4467773438,index_cn,sz,100
399011,399011,2,深证1000,4092.3840332031,index_cn,sz,100
399012,399012,2,创业300,2144.1000976562,index_cn,sz,100
399013,399013,2,深市精选,3858.224609375,index_cn,sz,100
399015,399015,2,中小创新,1731.3956298828,index_cn,sz,100
399016,399016,2,深证创新,2504.2834472656,index_cn,sz,100
399017,399017,2,SME创新,2149.8793945312,index_cn,sz,100
399018,399018,2,创业创新,2766.73828125,index_cn,sz,100
399050,399050,2,创新引擎,1830.1268310547,index_cn,sz,100
399100,399100,2,新 指 数,6656.314453125,index_cn,sz,100
399101,399101,2,中小板综,8732.314453125,index_cn,sz,100
399102,399102,2,创业板综,1757.7602539062,index_cn,sz,100
399103,399103,2,乐富指数,5133.1298828125,index_cn,sz,100
399106,399106,2,深证综指,1467.1820068359,index_cn,sz,100
399107,399107,2,深证Ａ指,1533.8778076172,index_cn,sz,100
399108,399108,2,深证Ｂ指,1002.0615844727,index_cn,sz,100
399231,399231,2,农林指数,984.0908203125,index_cn,sz,100
399232,399232,2,采矿指数,1604.689453125,index_cn,sz,100
399233,399233,2,制造指数,1614.4510498047,index_cn,sz,100
399234,399234,2,水电指数,682.7462768555,index_cn,sz,100
399235,399235,2,建筑指数,1336.9836425781,index_cn,sz,100
399236,399236,2,批零指数,1508.3018798828,index_cn,sz,100
399237,399237,2,运输指数,1019.1016235352,index_cn,sz,100
399238,399238,2,餐饮指数,1152.8153076172,index_cn,sz,100
399239,399239,2,IT指数,1505.443359375,index_cn,sz,100
399240,399240,2,金融指数,831.9281005859,index_cn,sz,100
399241,399241,2,地产指数,2327.5085449219,index_cn,sz,100
399242,399242,2,商务指数,1229.4195556641,index_cn,sz,100
399243,399243,2,科研指数,1490.662109375,index_cn,sz,100
399244,399244,2,公共指数,963.2048950195,index_cn,sz,100
399248,399248,2,文化指数,1079.0872802734,index_cn,sz,100
399249,399249,2,综企指数,524.8209838867,index_cn,sz,100
399297,399297,2,新浪100,2488.7900390625,index_cn,sz,100
399298,399298,2,深信中高,160.0630950928,index_cn,sz,100
399299,399299,2,深信中低,174.329498291,index_cn,sz,100
399300,399300,2,沪深300,3351.0942382812,index_cn,sz,100
399301,399301,2,深信用债,163.0104980469,index_cn,sz,100
399302,399302,2,深公司债,166.2471923828,index_cn,sz,100
399303,399303,2,国证2000,5620.78125,index_cn,sz,100
399306,399306,2,深证ETF,1026.4367675781,index_cn,sz,100
399307,399307,2,深证转债,177.6983947754,index_cn,sz,100
399310,399310,2,国证50,5100.673828125,index_cn,sz,100
399311,399311,2,国证1000,3355.9367675781,index_cn,sz,100
399312,399312,2,国证300,3749.7209472656,index_cn,sz,100
399313,399313,2,巨潮100,3879.7746582031,index_cn,sz,100
399314,399314,2,巨潮大盘,3502.021484375,index_cn,sz,100
399315,399315,2,巨潮中盘,3343.0124511719,index_cn,sz,100
399316,399316,2,巨潮小盘,3722.5603027344,index_cn,sz,100
399317,399317,2,国证Ａ指,3854.8879394531,index_cn,sz,100
399318,399318,2,国证Ｂ指,4200.0166015625,index_cn,sz,100
399319,399319,2,资源优势,1556.5729980469,index_cn,sz,100
399320,399320,2,国证服务,1840.7060546875,index_cn,sz,100
399321,399321,2,国证红利,5469.1518554688,index_cn,sz,100
399322,399322,2,国证治理,7048.453125,index_cn,sz,100
399324,399324,2,深证红利,7006.6611328125,index_cn,sz,100
399326,399326,2,成长40,3886.4594726562,index_cn,sz,100
399328,399328,2,深证治理,7572.2265625,index_cn,sz,100
399330,399330,2,深证100,3559.6823730469,index_cn,sz,100
399333,399333,2,中小板R,6567.4682617188,index_cn,sz,100
399335,399335,2,深证央企,3648.2958984375,index_cn,sz,100
399337,399337,2,深证民营,3566.6223144531,index_cn,sz,100
399339,399339,2,深证科技,4618.9956054688,index_cn,sz,100
399341,399341,2,深证责任,1348.0350341797,index_cn,sz,100
399344,399344,2,深证300R,4242.0834960938,index_cn,sz,100
399346,399346,2,深证成长,3085.8210449219,index_cn,sz,100
399348,399348,2,深证价值,4906.2299804688,index_cn,sz,100
399350,399350,2,皖江30,1420.9123535156,index_cn,sz,100
399351,399351,2,深报指数,6072.2333984375,index_cn,sz,100
399352,399352,2,深报综指,6085.5419921875,index_cn,sz,100
399353,399353,2,国证物流,2377.091796875,index_cn,sz,100
399354,399354,2,分析师指,5582.61328125,index_cn,sz,100
399355,399355,2,长三角,3203.2036132812,index_cn,sz,100
399356,399356,2,珠三角,7622.6591796875,index_cn,sz,100
399357,399357,2,环渤海,2719.0446777344,index_cn,sz,100
399358,399358,2,泰达指数,2854.8381347656,index_cn,sz,100
399359,399359,2,国证基建,2456.6831054688,index_cn,sz,100
399360,399360,2,新硬件,3340.8173828125,index_cn,sz,100
399361,399361,2,国证商业,5377.1215820312,index_cn,sz,100
399362,399362,2,国证民营,4965.525390625,index_cn,sz,100
399363,399363,2,计算机指,3693.4562988281,index_cn,sz,100
399364,399364,2,中金消费,6568.109375,index_cn,sz,100
399365,399365,2,国证农业,7817.9482421875,index_cn,sz,100
399366,399366,2,国证大宗,1880.5155029297,index_cn,sz,100
399367,399367,2,巨潮地产,5097.12109375,index_cn,sz,100
399368,399368,2,国证军工,5217.3203125,index_cn,sz,100
399369,399369,2,CBN-兴全,1334.1385498047,index_cn,sz,100
399370,399370,2,国证成长,3270.8610839844,index_cn,sz,100
399371,399371,2,国证价值,5512.2006835938,index_cn,sz,100
399372,399372,2,大盘成长,3171.9248046875,index_cn,sz,100
399373,399373,2,大盘价值,6629.7954101562,index_cn,sz,100
399374,399374,2,中盘成长,3557.3701171875,index_cn,sz,100
399375,399375,2,中盘价值,4782.4150390625,index_cn,sz,100
399376,399376,2,小盘成长,4239.4873046875,index_cn,sz,100
399377,399377,2,小盘价值,5227.6962890625,index_cn,sz,100
399378,399378,2,南方低碳,2052.3430175781,index_cn,sz,100
399379,399379,2,国证基金,5889.9736328125,index_cn,sz,100
399380,399380,2,国证ETF,1183.8157958984,index_cn,sz,100
399381,399381,2,1000能源,2237.5869140625,index_cn,sz,100
399382,399382,2,1000材料,2153.8146972656,index_cn,sz,100
399383,399383,2,1000工业,1997.861328125,index_cn,sz,100
399384,399384,2,1000可选,3034.591796875,index_cn,sz,100
399385,399385,2,1000消费,7067.8784179688,index_cn,sz,100
399386,399386,2,1000医药,6289.1889648438,index_cn,sz,100
399387,399387,2,1000金融,4177.3837890625,index_cn,sz,100
399388,399388,2,1000信息,3076.2126464844,index_cn,sz,100
399389,399389,2,国证通信,3290.8627929688,index_cn,sz,100
399390,399390,2,1000公用,2062.380859375,index_cn,sz,100
399391,399391,2,投资时钟,2220.3132324219,index_cn,sz,100
399392,399392,2,国证新兴,1982.0480957031,index_cn,sz,100
399393,399393,2,国证地产,5441.03515625,index_cn,sz,100
399394,399394,2,国证医药,9464.7021484375,index_cn,sz,100
399395,399395,2,国证有色,3381.6271972656,index_cn,sz,100
399396,399396,2,国证食品,12585.5322265625,index_cn,sz,100
399397,399397,2,OCT文化,1846.5988769531,index_cn,sz,100
399398,399398,2,绩效指数,7211.3325195312,index_cn,sz,100
399399,399399,2,中经GDP,5972.1059570312,index_cn,sz,100
399400,399400,2,大中盘,2889.275390625,index_cn,sz,100
399401,399401,2,中小盘,3199.0590820312,index_cn,sz,100
399402,399402,2,周期100,2572.3239746094,index_cn,sz,100
399403,399403,2,防御100,5999.0405273438,index_cn,sz,100
399404,399404,2,大盘低波,5228.236328125,index_cn,sz,100
399405,399405,2,大盘高贝,1693.4465332031,index_cn,sz,100
399406,399406,2,中盘低波,9415.119140625,index_cn,sz,100
399407,399407,2,中盘高贝,2039.9986572266,index_cn,sz,100
399408,399408,2,小盘低波,9746.5029296875,index_cn,sz,100
399409,399409,2,小盘高贝,3362.1828613281,index_cn,sz,100
399410,399410,2,苏州率先,1754.7681884766,index_cn,sz,100
399411,399411,2,红利100,2712.0124511719,index_cn,sz,100
399412,399412,2,国证新能,1522.2109375,index_cn,sz,100
399413,399413,2,国证转债,105.7292022705,index_cn,sz,100
399415,399415,2,I100,4781.4921875,index_cn,sz,100
399416,399416,2,I300,3089.1525878906,index_cn,sz,100
399417,399417,2,新能源车,1726.9835205078,index_cn,sz,100
399418,399418,2,国证国安,2459.5,index_cn,sz,100
399419,399419,2,国证高铁,1579.724609375,index_cn,sz,100
399420,399420,2,国证保证,1040.7751464844,index_cn,sz,100
399422,399422,2,中关村A,2503.1848144531,index_cn,sz,100
399423,399423,2,中关村50,2295.5883789062,index_cn,sz,100
399427,399427,2,专利领先,2230.59375,index_cn,sz,100
399428,399428,2,国证定增,2135.0925292969,index_cn,sz,100
399429,399429,2,新丝路,1059.1478271484,index_cn,sz,100
399431,399431,2,国证银行,5768.6743164062,index_cn,sz,100
399432,399432,2,国证汽车,2940.5305175781,index_cn,sz,100
399433,399433,2,国证交运,1675.1850585938,index_cn,sz,100
399434,399434,2,国证传媒,2109.341796875,index_cn,sz,100
399435,399435,2,国证农牧,2571.1376953125,index_cn,sz,100
399436,399436,2,国证煤炭,2557.9755859375,index_cn,sz,100
399437,399437,2,国证证券,4120.267578125,index_cn,sz,100
399438,399438,2,国证电力,1757.3011474609,index_cn,sz,100
399439,399439,2,国证油气,1761.9267578125,index_cn,sz,100
399440,399440,2,国证钢铁,1490.8448486328,index_cn,sz,100
399441,399441,2,生物医药,2541.4916992188,index_cn,sz,100
399481,399481,2,企债指数,127.2595977783,index_cn,sz,100
399550,399550,2,央视50,6127.0561523438,index_cn,sz,100
399551,399551,2,央视创新,5948.6655273438,index_cn,sz,100
399552,399552,2,央视成长,6591.8315429688,index_cn,sz,100
399553,399553,2,央视回报,5093.0639648438,index_cn,sz,100
399554,399554,2,央视治理,6054.4223632812,index_cn,sz,100
399555,399555,2,央视责任,3966.6569824219,index_cn,sz,100
399556,399556,2,央视生态,1471.9918212891,index_cn,sz,100
399557,399557,2,央视文化,1475.0576171875,index_cn,sz,100
399602,399602,2,中小成长,999.3416137695,index_cn,sz,100
399604,399604,2,中小价值,1188.1507568359,index_cn,sz,100
399606,399606,2,创业板R,1527.2203369141,index_cn,sz,100
399608,399608,2,科技100,2082.1389160156,index_cn,sz,100
399610,399610,2,TMT50,4322.4067382812,index_cn,sz,100
399611,399611,2,中创100R,1717.3968505859,index_cn,sz,100
399612,399612,2,中创100,1575.0102539062,index_cn,sz,100
399613,399613,2,深证能源,2689.5244140625,index_cn,sz,100
399614,399614,2,深证材料,2374.7175292969,index_cn,sz,100
399615,399615,2,深证工业,2171.6594238281,index_cn,sz,100
399616,399616,2,深证可选,4893.2685546875,index_cn,sz,100
399617,399617,2,深证消费,7421.1943359375,index_cn,sz,100
399618,399618,2,深证医药,9398.6376953125,index_cn,sz,100
399619,399619,2,深证金融,4232.0849609375,index_cn,sz,100
399620,399620,2,深证信息,3043.9624023438,index_cn,sz,100
399621,399621,2,深证电信,2819.2644042969,index_cn,sz,100
399622,399622,2,深证公用,1636.7829589844,index_cn,sz,100
399623,399623,2,中小基础,6300.2182617188,index_cn,sz,100
399624,399624,2,中创400,1545.4197998047,index_cn,sz,100
399625,399625,2,中创500,1431.0092773438,index_cn,sz,100
399626,399626,2,中创成长,1202.8013916016,index_cn,sz,100
399627,399627,2,中创价值,1486.9969482422,index_cn,sz,100
399628,399628,2,700成长,1619.4290771484,index_cn,sz,100
399629,399629,2,700价值,1791.1016845703,index_cn,sz,100
399630,399630,2,1000成长,1191.5805664062,index_cn,sz,100
399631,399631,2,1000价值,1552.380859375,index_cn,sz,100
399632,399632,2,深100EW,3594.1120605469,index_cn,sz,100
399633,399633,2,深300EW,4267.9467773438,index_cn,sz,100
399634,399634,2,中小板EW,3039.6293945312,index_cn,sz,100
399635,399635,2,创业板EW,1475.1374511719,index_cn,sz,100
399636,399636,2,深证装备,2716.7836914062,index_cn,sz,100
399637,399637,2,深证地产,4342.6416015625,index_cn,sz,100
399638,399638,2,深证环保,3127.0158691406,index_cn,sz,100
399639,399639,2,深证大宗,1872.7065429688,index_cn,sz,100
399640,399640,2,创业基础,1409.9217529297,index_cn,sz,100
399641,399641,2,深证新兴,1551.8061523438,index_cn,sz,100
399642,399642,2,中小新兴,1477.62109375,index_cn,sz,100
399643,399643,2,创业新兴,1673.4462890625,index_cn,sz,100
399644,399644,2,深证时钟,2633.2172851562,index_cn,sz,100
399645,399645,2,100低波,7428.3359375,index_cn,sz,100
399646,399646,2,深消费50,5927.4897460938,index_cn,sz,100
399647,399647,2,深医药50,9705.4208984375,index_cn,sz,100
399648,399648,2,深证GDP,7762.8544921875,index_cn,sz,100
399649,399649,2,中小红利,2368.9287109375,index_cn,sz,100
399650,399650,2,中小治理,1844.1455078125,index_cn,sz,100
399651,399651,2,中小责任,1495.1950683594,index_cn,sz,100
399652,399652,2,中创高新,1926.6977539062,index_cn,sz,100
399653,399653,2,深证龙头,1774.1383056641,index_cn,sz,100
399654,399654,2,深证文化,2516.671875,index_cn,sz,100
399655,399655,2,深证绩效,6824.6860351562,index_cn,sz,100
399656,399656,2,100绩效,4506.6567382812,index_cn,sz,100
399657,399657,2,300绩效,4895.412109375,index_cn,sz,100
399658,399658,2,中小绩效,3524.2009277344,index_cn,sz,100
399659,399659,2,深成指EW,3117.1752929688,index_cn,sz,100
399660,399660,2,中创EW,1892.9388427734,index_cn,sz,100
399661,399661,2,深证低波,4623.119140625,index_cn,sz,100
399662,399662,2,深证高贝,1405.5833740234,index_cn,sz,100
399663,399663,2,中小低波,1334.7608642578,index_cn,sz,100
399664,399664,2,中小高贝,859.9776000977,index_cn,sz,100
399665,399665,2,中创低波,1420.7819824219,index_cn,sz,100
399666,399666,2,中创高贝,1143.7557373047,index_cn,sz,100
399667,399667,2,创业板G,1906.6436767578,index_cn,sz,100
399668,399668,2,创业板V,2212.7058105469,index_cn,sz,100
399669,399669,2,深证农业,6242.0649414062,index_cn,sz,100
399670,399670,2,深周期50,2388.2866210938,index_cn,sz,100
399671,399671,2,深防御50,5671.1884765625,index_cn,sz,100
399672,399672,2,深红利50,3039.7182617188,index_cn,sz,100
399673,399673,2,创业板50,1232.9956054688,index_cn,sz,100
399674,399674,2,深A医药,1869.9674072266,index_cn,sz,100
399675,399675,2,深互联网,2534.0393066406,index_cn,sz,100
399676,399676,2,深医药EW,2306.4001464844,index_cn,sz,100
399677,399677,2,深互联EW,2991.9387207031,index_cn,sz,100
399678,399678,2,深次新股,797.8284912109,index_cn,sz,100
399679,399679,2,深证200R,3908.7175292969,index_cn,sz,100
399680,399680,2,深成能源,536.5438842773,index_cn,sz,100
399681,399681,2,深成材料,869.7573242188,index_cn,sz,100
399682,399682,2,深成工业,888.642578125,index_cn,sz,100
399683,399683,2,深成可选,1431.5961914062,index_cn,sz,100
399684,399684,2,深成消费,1477.9165039062,index_cn,sz,100
399685,399685,2,深成医药,1891.5257568359,index_cn,sz,100
399686,399686,2,深成金融,1341.7014160156,index_cn,sz,100
399687,399687,2,深成信息,1995.5961914062,index_cn,sz,100
399688,399688,2,深成电信,1318.9770507812,index_cn,sz,100
399689,399689,2,深成公用,970.3762207031,index_cn,sz,100
399690,399690,2,中小专利,1529.3514404297,index_cn,sz,100
399691,399691,2,创业专利,2134.2231445312,index_cn,sz,100
399692,399692,2,创业低波,2186.1687011719,index_cn,sz,100
399693,399693,2,安防产业,2893.9978027344,index_cn,sz,100
399694,399694,2,创业高贝,2042.8002929688,index_cn,sz,100
399695,399695,2,深证节能,2020.3303222656,index_cn,sz,100
399696,399696,2,深证创投,1839.5982666016,index_cn,sz,100
399697,399697,2,中关村60,3585.5083007812,index_cn,sz,100
399698,399698,2,优势成长,13774.3642578125,index_cn,sz,100
399699,399699,2,金融科技,2771.017578125,index_cn,sz,100
399701,399701,2,深证F60,5989.1611328125,index_cn,sz,100
399702,399702,2,深证F120,5609.8525390625,index_cn,sz,100
399703,399703,2,深证F200,5433.2939453125,index_cn,sz,100
399704,399704,2,深证上游,3408.3645019531,index_cn,sz,100
399705,399705,2,深证中游,2036.2729492188,index_cn,sz,100
399706,399706,2,深证下游,4768.0112304688,index_cn,sz,100
399707,399707,2,CSSW证券,4434.3217773438,index_cn,sz,100
399802,399802,2,500深市,4469.9516601562,index_cn,sz,100
399803,399803,2,工业4.0,1898.8939208984,index_cn,sz,100
399804,399804,2,中证体育,1281.5450439453,index_cn,sz,100
399805,399805,2,互联金融,2356.7414550781,index_cn,sz,100
399806,399806,2,环境治理,1572.8503417969,index_cn,sz,100
399807,399807,2,高铁产业,1458.9256591797,index_cn,sz,100
399808,399808,2,中证新能,1270.8337402344,index_cn,sz,100
399809,399809,2,保险主题,1998.0384521484,index_cn,sz,100
399810,399810,2,CSSW传媒,2500.6713867188,index_cn,sz,100
399811,399811,2,CSSW电子,2238.8725585938,index_cn,sz,100
399812,399812,2,养老产业,7062.0151367188,index_cn,sz,100
399813,399813,2,中证国安,4093.4111328125,index_cn,sz,100
399814,399814,2,大农业,958.7427978516,index_cn,sz,100
399817,399817,2,生态100,1296.2370605469,index_cn,sz,100
399901,399901,2,小康指数,4846.3833007812,index_cn,sz,100
399903,399903,2,中证100,3496.7373046875,index_cn,sz,100
399904,399904,2,中证 200,3416.4580078125,index_cn,sz,100
399905,399905,2,中证 500,4867.1215820312,index_cn,sz,100
399908,399908,2,300 能源,1734.1988525391,index_cn,sz,100
399909,399909,2,300 材料,2105.6418457031,index_cn,sz,100
399910,399910,2,300 工业,2021.2924804688,index_cn,sz,100
399911,399911,2,300 可选,4754.0546875,index_cn,sz,100
399912,399912,2,300 消费,13066.302734375,index_cn,sz,100
399913,399913,2,300 医药,10434.6005859375,index_cn,sz,100
399914,399914,2,300 金融,5414.1787109375,index_cn,sz,100
399917,399917,2,300 公用,1804.5389404297,index_cn,sz,100
399918,399918,2,300 成长,3810.0297851562,index_cn,sz,100
399919,399919,2,300 价值,4409.5278320312,index_cn,sz,100
399922,399922,2,中证红利,3990.2265625,index_cn,sz,100
399925,399925,2,基本面50,3939.5258789062,index_cn,sz,100
399928,399928,2,中证能源,1882.4339599609,index_cn,sz,100
399931,399931,2,中证可选,4440.7822265625,index_cn,sz,100
399932,399932,2,中证消费,10978.845703125,index_cn,sz,100
399933,399933,2,中证医药,9877.8427734375,index_cn,sz,100
399934,399934,2,中证金融,5215.5537109375,index_cn,sz,100
399935,399935,2,中证信息,3580.0590820312,index_cn,sz,100
399939,399939,2,民企200,1461.7320556641,index_cn,sz,100
399944,399944,2,内地资源,2307.5451660156,index_cn,sz,100
399950,399950,2,300基建,1858.0679931641,index_cn,sz,100
399951,399951,2,300银行,5418.8862304688,index_cn,sz,100
399952,399952,2,300地产,7352.5063476562,index_cn,sz,100
399957,399957,2,300运输,1297.2940673828,index_cn,sz,100
399958,399958,2,创业成长,996.7749023438,index_cn,sz,100
399959,399959,2,军工指数,934.6572875977,index_cn,sz,100
399961,399961,2,中证上游,2221.9985351562,index_cn,sz,100
399963,399963,2,中证下游,4913.4204101562,index_cn,sz,100
399964,399964,2,中证新兴,6902.1259765625,index_cn,sz,100
399965,399965,2,800地产,5764.763671875,index_cn,sz,100
399966,399966,2,800非银,4700.2309570312,index_cn,sz,100
399967,399967,2,中证军工,7124.3720703125,index_cn,sz,100
399969,399969,2,300非周,3721.7556152344,index_cn,sz,100
399970,399970,2,移动互联,2016.5983886719,index_cn,sz,100
399971,399971,2,中证传媒,1258.4436035156,index_cn,sz,100
399972,399972,2,300深市,3880.1394042969,index_cn,sz,100
399973,399973,2,中证国防,1040.4865722656,index_cn,sz,100
399974,399974,2,国企改革,1351.0091552734,index_cn,sz,100
399975,399975,2,证券公司,544.5225830078,index_cn,sz,100
399976,399976,2,CS新能车,1586.7454833984,index_cn,sz,100
399977,399977,2,内地低碳,1027.3143310547,index_cn,sz,100
399978,399978,2,医药100,12232.275390625,index_cn,sz,100
399979,399979,2,大宗商品,3461.1157226562,index_cn,sz,100
399982,399982,2,500等权,5748.03515625,index_cn,sz,100
399983,399983,2,地产等权,6037.1108398438,index_cn,sz,100
399986,399986,2,中证银行,5758.1186523438,index_cn,sz,100
399987,399987,2,中证酒,3116.8120117188,index_cn,sz,100
399989,399989,2,中证医疗,7204.3852539062,index_cn,sz,100
399990,399990,2,煤炭等权,1729.8909912109,index_cn,sz,100
399991,399991,2,一带一路,1386.5159912109,index_cn,sz,100
399992,399992,2,CSWD并购,1363.8807373047,index_cn,sz,100
399993,399993,2,CSWD生科,2478.6328125,index_cn,sz,100
399994,399994,2,信息安全,1382.1612548828,index_cn,sz,100
399995,399995,2,基建工程,4332.4619140625,index_cn,sz,100
399996,399996,2,智能家居,2152.5073242188,index_cn,sz,100
399997,399997,2,中证白酒,5428.9350585938,index_cn,sz,100
399998,399998,2,中证煤炭,1308.8822021484,index_cn,sz,100
880001,880001,2,总市值,4777.5200195312,index_cn,sh,100
880002,880002,2,流通市值,3851.6000976562,index_cn,sh,100
880003,880003,2,平均股价,1272.0124998093,index_cn,sh,100
880004,880004,2,成交均价,424.0050001144,index_cn,sh,100
880005,880005,2,涨跌家数,1768.0,index_cn,sh,100
880006,880006,2,停板家数,17.0,index_cn,sh,100
880007,880007,2,活筹市值,2000.7700195312,index_cn,sh,100
880011,880011,2,Ａ主总值,3519.4299316406,index_cn,sh,100
880012,880012,2,Ａ主流通,2997.0200195312,index_cn,sh,100
880013,880013,2,Ａ主平均,1064.0450000763,index_cn,sh,100
880014,880014,2,Ａ主均价,280.0574998856,index_cn,sh,100
880015,880015,2,Ａ主涨跌,947.0,index_cn,sh,100
880016,880016,2,Ａ主停板,520.0,index_cn,sh,100
880017,880017,2,Ａ主活筹,1425.5699462891,index_cn,sh,100
880021,880021,2,中小总值,813.9199829102,index_cn,sh,100
880022,880022,2,中小流通,583.2299804688,index_cn,sh,100
880023,880023,2,中小平均,952.032500267,index_cn,sh,100
880024,880024,2,中小均价,456.0600004196,index_cn,sh,100
880025,880025,2,中小涨跌,456.0,index_cn,sh,100
880026,880026,2,中小停板,5.0,index_cn,sh,100
880027,880027,2,中小活筹,368.4700012207,index_cn,sh,100
880031,880031,2,创业总值,444.1799926758,index_cn,sh,100
880032,880032,2,创业流通,271.3399963379,index_cn,sh,100
880033,880033,2,创业平均,16.5200004578,index_cn,sh,100
880034,880034,2,创业均价,904.029999733,index_cn,sh,100
880035,880035,2,创业涨跌,365.0,index_cn,sh,100
880036,880036,2,创业停板,2.0,index_cn,sh,100
880037,880037,2,创业活筹,206.7200012207,index_cn,sh,100
880201,880201,2,黑龙江,737.0700073242,index_cn,sh,100
880202,880202,2,新疆板块,754.9600219727,index_cn,sh,100
880203,880203,2,吉林板块,864.0100097656,index_cn,sh,100
880204,880204,2,甘肃板块,1024.8199462891,index_cn,sh,100
880205,880205,2,辽宁板块,762.8699951172,index_cn,sh,100
880206,880206,2,青海板块,375.0899963379,index_cn,sh,100
880207,880207,2,北京板块,1225.6800537109,index_cn,sh,100
880208,880208,2,陕西板块,801.9400024414,index_cn,sh,100
880209,880209,2,天津板块,777.6099853516,index_cn,sh,100
880210,880210,2,广西板块,761.0200195312,index_cn,sh,100
880211,880211,2,河北板块,776.0200195312,index_cn,sh,100
880212,880212,2,广东板块,1629.7600097656,index_cn,sh,100
880213,880213,2,河南板块,801.6099853516,index_cn,sh,100
880214,880214,2,宁夏板块,479.0299987793,index_cn,sh,100
880215,880215,2,山东板块,1047.7099609375,index_cn,sh,100
880216,880216,2,上海板块,1225.6500244141,index_cn,sh,100
880217,880217,2,山西板块,621.0599975586,index_cn,sh,100
880218,880218,2,深圳板块,1657.3000488281,index_cn,sh,100
880219,880219,2,湖北板块,1067.6099853516,index_cn,sh,100
880220,880220,2,福建板块,1337.1099853516,index_cn,sh,100
880221,880221,2,湖南板块,815.7700195312,index_cn,sh,100
880222,880222,2,江西板块,839.3400268555,index_cn,sh,100
880223,880223,2,四川板块,1082.6199951172,index_cn,sh,100
880224,880224,2,安徽板块,959.2399902344,index_cn,sh,100
880225,880225,2,重庆板块,954.5700073242,index_cn,sh,100
880226,880226,2,江苏板块,1247.6500244141,index_cn,sh,100
880227,880227,2,云南板块,786.7199707031,index_cn,sh,100
880228,880228,2,浙江板块,1341.5899658203,index_cn,sh,100
880229,880229,2,贵州板块,3348.7900390625,index_cn,sh,100
880230,880230,2,海南板块,715.1900024414,index_cn,sh,100
880231,880231,2,西藏板块,531.5,index_cn,sh,100
880232,880232,2,内蒙板块,1091.3599853516,index_cn,sh,100
880301,880301,2,煤炭,559.0100097656,index_cn,sh,100
880302,880302,2,煤炭开采,560.0700073242,index_cn,sh,100
880303,880303,2,焦炭加工,548.7600097656,index_cn,sh,100
880305,880305,2,电力,1180.1999511719,index_cn,sh,100
880306,880306,2,水力发电,1432.4200439453,index_cn,sh,100
880307,880307,2,火力发电,1036.1400146484,index_cn,sh,100
880308,880308,2,新型电力,788.0999755859,index_cn,sh,100
880310,880310,2,石油,915.9199829102,index_cn,sh,100
880311,880311,2,石油开采,788.200012207,index_cn,sh,100
880312,880312,2,石油加工,1295.9899902344,index_cn,sh,100
880313,880313,2,石油贸易,1052.5899658203,index_cn,sh,100
880318,880318,2,钢铁,844.0100097656,index_cn,sh,100
880319,880319,2,普钢,801.6199951172,index_cn,sh,100
880320,880320,2,特种钢,1276.7199707031,index_cn,sh,100
880321,880321,2,钢加工,747.8699951172,index_cn,sh,100
880324,880324,2,有色,515.9699707031,index_cn,sh,100
880325,880325,2,铜,449.9599914551,index_cn,sh,100
880326,880326,2,铝,535.2199707031,index_cn,sh,100
880327,880327,2,铅锌,404.5199890137,index_cn,sh,100
880328,880328,2,黄金,492.2799987793,index_cn,sh,100
880329,880329,2,小金属,625.0599975586,index_cn,sh,100
880330,880330,2,化纤,1469.4100341797,index_cn,sh,100
880335,880335,2,化工,1015.9400024414,index_cn,sh,100
880336,880336,2,化工原料,1098.7299804688,index_cn,sh,100
880337,880337,2,农药化肥,920.2700195312,index_cn,sh,100
880338,880338,2,塑料,772.2100219727,index_cn,sh,100
880339,880339,2,橡胶,840.3300170898,index_cn,sh,100
880340,880340,2,染料涂料,1645.3199462891,index_cn,sh,100
880344,880344,2,建材,1033.9799804688,index_cn,sh,100
880345,880345,2,陶瓷,1780.75,index_cn,sh,100
880346,880346,2,水泥,1033.5799560547,index_cn,sh,100
880347,880347,2,玻璃,887.2199707031,index_cn,sh,100
880348,880348,2,其他建材,1328.5400390625,index_cn,sh,100
880350,880350,2,造纸,1054.3900146484,index_cn,sh,100
880351,880351,2,矿物制品,1034.8299560547,index_cn,sh,100
880355,880355,2,日用化工,1156.4200439453,index_cn,sh,100
880360,880360,2,农林牧渔,987.4199829102,index_cn,sh,100
880361,880361,2,种植业,815.0599975586,index_cn,sh,100
880362,880362,2,渔业,551.0300292969,index_cn,sh,100
880363,880363,2,林业,1085.9699707031,index_cn,sh,100
880364,880364,2,饲料,1242.1600341797,index_cn,sh,100
880366,880366,2,农业综合,1091.1099853516,index_cn,sh,100
880367,880367,2,纺织服饰,965.8200073242,index_cn,sh,100
880368,880368,2,纺织,897.2299804688,index_cn,sh,100
880369,880369,2,服饰,995.3200073242,index_cn,sh,100
880372,880372,2,食品饮料,1779.1800537109,index_cn,sh,100
880373,880373,2,乳制品,2941.4899902344,index_cn,sh,100
880374,880374,2,软饮料,1010.6599731445,index_cn,sh,100
880375,880375,2,食品,1510.1899414062,index_cn,sh,100
880380,880380,2,酿酒,2595.6999511719,index_cn,sh,100
880381,880381,2,白酒,3294.3500976562,index_cn,sh,100
880382,880382,2,啤酒,643.0,index_cn,sh,100
880383,880383,2,红黄酒,564.2700195312,index_cn,sh,100
880387,880387,2,家用电器,2434.4299316406,index_cn,sh,100
880390,880390,2,汽车类,1318.25,index_cn,sh,100
880391,880391,2,汽车整车,1432.3299560547,index_cn,sh,100
880392,880392,2,汽车配件,1318.8399658203,index_cn,sh,100
880393,880393,2,汽车服务,725.7399902344,index_cn,sh,100
880394,880394,2,摩托车,634.6199951172,index_cn,sh,100
880398,880398,2,医疗保健,2497.1599121094,index_cn,sh,100
880399,880399,2,家居用品,2236.3999023438,index_cn,sh,100
880400,880400,2,医药,1773.4100341797,index_cn,sh,100
880401,880401,2,化学制药,1727.9499511719,index_cn,sh,100
880402,880402,2,生物制药,2364.1999511719,index_cn,sh,100
880403,880403,2,中成药,1526.4699707031,index_cn,sh,100
880406,880406,2,商业连锁,917.0800170898,index_cn,sh,100
880407,880407,2,百货,795.0,index_cn,sh,100
880408,880408,2,超市连锁,1037.4899902344,index_cn,sh,100
880409,880409,2,电器连锁,895.1699829102,index_cn,sh,100
880410,880410,2,医药商业,1598.4599609375,index_cn,sh,100
880411,880411,2,其他商业,746.6400146484,index_cn,sh,100
880412,880412,2,商品城,498.1000061035,index_cn,sh,100
880413,880413,2,批发业,679.3599853516,index_cn,sh,100
880414,880414,2,商贸代理,783.75,index_cn,sh,100
880418,880418,2,传媒娱乐,1033.3900146484,index_cn,sh,100
880419,880419,2,出版业,943.9299926758,index_cn,sh,100
880420,880420,2,影视音像,1112.8800048828,index_cn,sh,100
880421,880421,2,广告包装,1095.1999511719,index_cn,sh,100
880422,880422,2,文教休闲,1517.4599609375,index_cn,sh,100
880423,880423,2,酒店餐饮,937.6799926758,index_cn,sh,100
880424,880424,2,旅游,1848.4599609375,index_cn,sh,100
880425,880425,2,旅游服务,2765.9899902344,index_cn,sh,100
880426,880426,2,旅游景点,1148.0200195312,index_cn,sh,100
880430,880430,2,航空,1062.9499511719,index_cn,sh,100
880431,880431,2,船舶,470.3699951172,index_cn,sh,100
880432,880432,2,运输设备,1391.0200195312,index_cn,sh,100
880437,880437,2,通用机械,751.8699951172,index_cn,sh,100
880438,880438,2,机床制造,539.450012207,index_cn,sh,100
880439,880439,2,机械基件,791.7800292969,index_cn,sh,100
880440,880440,2,工业机械,1067.5699462891,index_cn,sh,100
880441,880441,2,化工机械,816.5700073242,index_cn,sh,100
880442,880442,2,轻工机械,781.5,index_cn,sh,100
880443,880443,2,纺织机械,854.8499755859,index_cn,sh,100
880444,880444,2,农用机械,698.3900146484,index_cn,sh,100
880445,880445,2,专用机械,1411.8100585938,index_cn,sh,100
880446,880446,2,电气设备,755.7399902344,index_cn,sh,100
880447,880447,2,工程机械,555.9000244141,index_cn,sh,100
880448,880448,2,电器仪表,2381.830078125,index_cn,sh,100
880452,880452,2,电信运营,1094.0899658203,index_cn,sh,100
880453,880453,2,公共交通,695.2299804688,index_cn,sh,100
880454,880454,2,水务,930.2199707031,index_cn,sh,100
880455,880455,2,供气供热,714.6300048828,index_cn,sh,100
880456,880456,2,环境保护,1351.9200439453,index_cn,sh,100
880459,880459,2,运输服务,834.5800170898,index_cn,sh,100
880460,880460,2,铁路,1359.7700195312,index_cn,sh,100
880461,880461,2,水运,543.7600097656,index_cn,sh,100
880462,880462,2,空运,784.6500244141,index_cn,sh,100
880463,880463,2,公路,763.0100097656,index_cn,sh,100
880464,880464,2,仓储物流,1758.8299560547,index_cn,sh,100
880465,880465,2,交通设施,1427.9300537109,index_cn,sh,100
880466,880466,2,路桥,1190.6300048828,index_cn,sh,100
880467,880467,2,机场,2766.8100585938,index_cn,sh,100
880468,880468,2,港口,1373.4300537109,index_cn,sh,100
880471,880471,2,银行,1712.4300537109,index_cn,sh,100
880472,880472,2,证券,996.6599731445,index_cn,sh,100
880473,880473,2,保险,1637.0899658203,index_cn,sh,100
880474,880474,2,多元金融,1375.8100585938,index_cn,sh,100
880476,880476,2,建筑,1239.1700439453,index_cn,sh,100
880477,880477,2,建筑工程,1276.8199462891,index_cn,sh,100
880478,880478,2,装修装饰,1046.6199951172,index_cn,sh,100
880482,880482,2,房地产,1330.1400146484,index_cn,sh,100
880483,880483,2,全国地产,1654.2800292969,index_cn,sh,100
880484,880484,2,区域地产,1032.5799560547,index_cn,sh,100
880485,880485,2,园区开发,1247.6999511719,index_cn,sh,100
880486,880486,2,房产服务,1339.6500244141,index_cn,sh,100
880489,880489,2,IT设备,1312.5200195312,index_cn,sh,100
880490,880490,2,通信设备,1257.9599609375,index_cn,sh,100
880491,880491,2,半导体,1062.3599853516,index_cn,sh,100
880492,880492,2,元器件,1294.8499755859,index_cn,sh,100
880493,880493,2,软件服务,1822.5,index_cn,sh,100
880494,880494,2,互联网,2196.5400390625,index_cn,sh,100
880497,880497,2,综合类,726.8300170898,index_cn,sh,100
880501,880501,2,含H股,1258.4899902344,index_cn,sh,100
880502,880502,2,含B股,1010.6199951172,index_cn,sh,100
880503,880503,2,皖江区域,862.0300292969,index_cn,sh,100
880504,880504,2,长株潭,750.5300292969,index_cn,sh,100
880505,880505,2,稀缺资源,398.6600036621,index_cn,sh,100
880506,880506,2,5G概念,1174.2099609375,index_cn,sh,100
880507,880507,2,国防军工,962.7800292969,index_cn,sh,100
880511,880511,2,承诺注资,853.1400146484,index_cn,sh,100
880513,880513,2,海峡西岸,1123.8000488281,index_cn,sh,100
880515,880515,2,通达信88,1613.3299560547,index_cn,sh,100
880516,880516,2,ST板块,1041.4300537109,index_cn,sh,100
880519,880519,2,低碳经济,801.5100097656,index_cn,sh,100
880520,880520,2,智能电网,894.9000244141,index_cn,sh,100
880521,880521,2,黄金概念,548.1500244141,index_cn,sh,100
880522,880522,2,成渝特区,981.3099975586,index_cn,sh,100
880523,880523,2,黄河三角,1088.7199707031,index_cn,sh,100
880524,880524,2,含可转债,1043.8000488281,index_cn,sh,100
880525,880525,2,铁路基建,1250.9200439453,index_cn,sh,100
880526,880526,2,长三角,1306.1300048828,index_cn,sh,100
880527,880527,2,珠三角,2102.2299804688,index_cn,sh,100
880528,880528,2,环渤海,1222.5699462891,index_cn,sh,100
880529,880529,2,次新股,3647.7299804688,index_cn,sh,100
880530,880530,2,三网融合,1084.9000244141,index_cn,sh,100
880531,880531,2,武汉规划,893.5,index_cn,sh,100
880532,880532,2,整体上市,1243.2900390625,index_cn,sh,100
880533,880533,2,物联网,1101.3000488281,index_cn,sh,100
880534,880534,2,锂电池,1073.2800292969,index_cn,sh,100
880535,880535,2,稀土永磁,447.8500061035,index_cn,sh,100
880536,880536,2,多晶硅,688.0100097656,index_cn,sh,100
880537,880537,2,核电核能,731.5900268555,index_cn,sh,100
880538,880538,2,参股金融,1103.2800292969,index_cn,sh,100
880539,880539,2,股权激励,1511.5200195312,index_cn,sh,100
880540,880540,2,创投概念,1189.9899902344,index_cn,sh,100
880542,880542,2,水利建设,1124.6899414062,index_cn,sh,100
880543,880543,2,外资背景,1508.0100097656,index_cn,sh,100
880544,880544,2,太阳能,1282.4699707031,index_cn,sh,100
880545,880545,2,云计算,1882.0500488281,index_cn,sh,100
880546,880546,2,卫星导航,1698.5500488281,index_cn,sh,100
880547,880547,2,电子支付,1702.3900146484,index_cn,sh,100
880548,880548,2,新三板,1525.9599609375,index_cn,sh,100
880549,880549,2,可燃冰,949.6500244141,index_cn,sh,100
880550,880550,2,保障房,2009.0600585938,index_cn,sh,100
880551,880551,2,涉矿概念,1090.6899414062,index_cn,sh,100
880552,880552,2,金融改革,1242.5,index_cn,sh,100
880553,880553,2,页岩气,1042.9499511719,index_cn,sh,100
880554,880554,2,东亚自贸,1291.9499511719,index_cn,sh,100
880556,880556,2,IP变现,1134.1600341797,index_cn,sh,100
880557,880557,2,生物疫苗,2163.6599121094,index_cn,sh,100
880558,880558,2,节能,1330.7900390625,index_cn,sh,100
880560,880560,2,高端装备,957.6599731445,index_cn,sh,100
880562,880562,2,高校背景,1712.1199951172,index_cn,sh,100
880563,880563,2,食品安全,2224.8701171875,index_cn,sh,100
880564,880564,2,奢侈品,3002.6599121094,index_cn,sh,100
880565,880565,2,送转潜力,4800.1000976562,index_cn,sh,100
880566,880566,2,图们江,1322.5100097656,index_cn,sh,100
880567,880567,2,海南自贸,1490.9799804688,index_cn,sh,100
880568,880568,2,生物质能,1130.9000244141,index_cn,sh,100
880569,880569,2,3D打印,1822.2900390625,index_cn,sh,100
880570,880570,2,海水淡化,1422.4300537109,index_cn,sh,100
880571,880571,2,碳纤维,1459.6199951172,index_cn,sh,100
880572,880572,2,新零售,1178.5200195312,index_cn,sh,100
880573,880573,2,摘帽概念,1746.4599609375,index_cn,sh,100
880574,880574,2,苹果概念,1805.2600097656,index_cn,sh,100
880575,880575,2,地热能,1243.1800537109,index_cn,sh,100
880576,880576,2,重组股,2412.5700683594,index_cn,sh,100
880577,880577,2,安防服务,2971.5100097656,index_cn,sh,100
880578,880578,2,建筑节能,2582.1398925781,index_cn,sh,100
880579,880579,2,生态农业,1376.8499755859,index_cn,sh,100
880580,880580,2,智能交通,2395.0900878906,index_cn,sh,100
880581,880581,2,空气治理,1497.4100341797,index_cn,sh,100
880582,880582,2,风能,1020.2899780273,index_cn,sh,100
880583,880583,2,充电桩,1521.7299804688,index_cn,sh,100
880584,880584,2,石墨烯,1251.8000488281,index_cn,sh,100
880585,880585,2,风沙治理,957.6300048828,index_cn,sh,100
880586,880586,2,土地流转,1105.0400390625,index_cn,sh,100
880587,880587,2,聚氨酯,2294.2199707031,index_cn,sh,100
880588,880588,2,绿色照明,1253.8900146484,index_cn,sh,100
880589,880589,2,智能穿戴,1340.7199707031,index_cn,sh,100
880590,880590,2,网络游戏,1241.7700195312,index_cn,sh,100
880591,880591,2,上海自贸,1562.0100097656,index_cn,sh,100
880592,880592,2,互联金融,1762.4799804688,index_cn,sh,100
880593,880593,2,婴童概念,1305.8000488281,index_cn,sh,100
880594,880594,2,一带一路,1428.3100585938,index_cn,sh,100
880595,880595,2,民营银行,1447.2399902344,index_cn,sh,100
880596,880596,2,体育概念,1233.4499511719,index_cn,sh,100
880597,880597,2,养老概念,1271.2900390625,index_cn,sh,100
880598,880598,2,博彩概念,844.7700195312,index_cn,sh,100
880599,880599,2,民营医院,1481.5799560547,index_cn,sh,100
880600,880600,2,油气改革,857.950012207,index_cn,sh,100
880601,880601,2,种植业,816.9799804688,index_cn,sh,100
880602,880602,2,渔业,551.0300292969,index_cn,sh,100
880603,880603,2,林业,1122.2800292969,index_cn,sh,100
880604,880604,2,饲料,1242.1600341797,index_cn,sh,100
880605,880605,2,农产加工,449.2099914551,index_cn,sh,100
880606,880606,2,农业综合,823.3599853516,index_cn,sh,100
880607,880607,2,畜禽养殖,1946.0999755859,index_cn,sh,100
880608,880608,2,动物保健,3801.5700683594,index_cn,sh,100
880609,880609,2,石油开采,692.3599853516,index_cn,sh,100
880610,880610,2,煤炭开采,549.1500244141,index_cn,sh,100
880612,880612,2,采掘服务,834.700012207,index_cn,sh,100
880613,880613,2,石油化工,1174.1800537109,index_cn,sh,100
880614,880614,2,化学原料,967.700012207,index_cn,sh,100
880615,880615,2,化学制品,880.0399780273,index_cn,sh,100
880616,880616,2,化学纤维,1418.7600097656,index_cn,sh,100
880617,880617,2,塑料,769.3599853516,index_cn,sh,100
880618,880618,2,橡胶,837.0399780273,index_cn,sh,100
880619,880619,2,化工新材,2134.830078125,index_cn,sh,100
880620,880620,2,钢铁,866.0599975586,index_cn,sh,100
880621,880621,2,有色金属,517.6900024414,index_cn,sh,100
880622,880622,2,金属新材,897.6599731445,index_cn,sh,100
880623,880623,2,建筑材料,1014.9000244141,index_cn,sh,100
880624,880624,2,建筑装饰,1320.2900390625,index_cn,sh,100
880625,880625,2,通用机械,696.6400146484,index_cn,sh,100
880626,880626,2,专用设备,667.049987793,index_cn,sh,100
880627,880627,2,仪器仪表,2125.9899902344,index_cn,sh,100
880628,880628,2,电气设备,777.2100219727,index_cn,sh,100
880629,880629,2,金属制品,1013.0999755859,index_cn,sh,100
880630,880630,2,半导体,952.450012207,index_cn,sh,100
880631,880631,2,元件,1277.9499511719,index_cn,sh,100
880632,880632,2,光学光电,1100.5100097656,index_cn,sh,100
880633,880633,2,其他电子,2537.0100097656,index_cn,sh,100
880634,880634,2,电子制造,628.5399780273,index_cn,sh,100
880635,880635,2,汽车整车,1402.6500244141,index_cn,sh,100
880636,880636,2,汽车部件,1345.9499511719,index_cn,sh,100
880637,880637,2,其它交运,916.9899902344,index_cn,sh,100
880638,880638,2,交运服务,878.9400024414,index_cn,sh,100
880639,880639,2,通信设备,1165.1500244141,index_cn,sh,100
880640,880640,2,电脑设备,1484.3199462891,index_cn,sh,100
880641,880641,2,白色家电,3219.6101074219,index_cn,sh,100
880642,880642,2,视听器材,968.1900024414,index_cn,sh,100
880643,880643,2,食品加工,2173.1000976562,index_cn,sh,100
880644,880644,2,饮料制造,2043.4399414062,index_cn,sh,100
880645,880645,2,纺织制造,939.7299804688,index_cn,sh,100
880646,880646,2,服装家纺,1008.450012207,index_cn,sh,100
880647,880647,2,造纸,1085.9699707031,index_cn,sh,100
880648,880648,2,包装印刷,1231.0500488281,index_cn,sh,100
880649,880649,2,家用轻工,1740.9799804688,index_cn,sh,100
880650,880650,2,其他轻工,1736.6899414062,index_cn,sh,100
880651,880651,2,化学制药,1763.6800537109,index_cn,sh,100
880652,880652,2,中药,1467.5300292969,index_cn,sh,100
880653,880653,2,生物制品,2493.919921875,index_cn,sh,100
880654,880654,2,医药商业,1611.5699462891,index_cn,sh,100
880655,880655,2,医疗器械,1904.8199462891,index_cn,sh,100
880656,880656,2,医疗服务,4160.9399414062,index_cn,sh,100
880657,880657,2,电力,1158.8199462891,index_cn,sh,100
880658,880658,2,水务,921.0900268555,index_cn,sh,100
880659,880659,2,燃气,671.8499755859,index_cn,sh,100
880660,880660,2,环保工程,1303.3000488281,index_cn,sh,100
880661,880661,2,港口,1323.0799560547,index_cn,sh,100
880662,880662,2,高速公路,1110.5,index_cn,sh,100
880663,880663,2,公交,780.2100219727,index_cn,sh,100
880664,880664,2,航空运输,876.3300170898,index_cn,sh,100
880665,880665,2,机场,2793.0700683594,index_cn,sh,100
880666,880666,2,航运,551.6099853516,index_cn,sh,100
880667,880667,2,铁路运输,1299.3800048828,index_cn,sh,100
880668,880668,2,物流,1928.9699707031,index_cn,sh,100
880669,880669,2,房产开发,1297.2399902344,index_cn,sh,100
880670,880670,2,园区开发,1190.9599609375,index_cn,sh,100
880671,880671,2,银行,1712.5899658203,index_cn,sh,100
880672,880672,2,多元金融,1166.1400146484,index_cn,sh,100
880673,880673,2,证券,956.0999755859,index_cn,sh,100
880674,880674,2,保险,1627.3599853516,index_cn,sh,100
880675,880675,2,零售,741.5399780273,index_cn,sh,100
880676,880676,2,贸易,742.2600097656,index_cn,sh,100
880677,880677,2,景点,1394.9399414062,index_cn,sh,100
880678,880678,2,酒店,867.0599975586,index_cn,sh,100
880679,880679,2,旅游综合,2201.7700195312,index_cn,sh,100
880680,880680,2,餐饮,841.3300170898,index_cn,sh,100
880681,880681,2,通信运营,1012.950012207,index_cn,sh,100
880682,880682,2,网络服务,1911.3800048828,index_cn,sh,100
880683,880683,2,电脑应用,2098.0900878906,index_cn,sh,100
880684,880684,2,传媒,1218.1500244141,index_cn,sh,100
880685,880685,2,综合,828.25,index_cn,sh,100
880801,880801,2,基金重仓,1480.6700439453,index_cn,sh,100
880802,880802,2,QFII重仓,1671.5,index_cn,sh,100
880803,880803,2,券商重仓,1223.9100341797,index_cn,sh,100
880804,880804,2,信托重仓,935.75,index_cn,sh,100
880805,880805,2,保险重仓,1379.8399658203,index_cn,sh,100
880806,880806,2,社保重仓,1410.7700195312,index_cn,sh,100
880807,880807,2,高管增持,1009.8499755859,index_cn,sh,100
880808,880808,2,高管减持,3305.5900878906,index_cn,sh,100
880809,880809,2,基金独门,1692.4399414062,index_cn,sh,100
880810,880810,2,陆股通买,954.0800170898,index_cn,sh,100
880811,880811,2,陆股通卖,838.5,index_cn,sh,100
880812,880812,2,昨日连板,2976.2299804688,index_cn,sh,100
880813,880813,2,重组预案,865.4099731445,index_cn,sh,100
880821,880821,2,大盘股,1227.4000244141,index_cn,sh,100
880823,880823,2,小盘股,728.6699829102,index_cn,sh,100
880824,880824,2,高市盈率,479.7900085449,index_cn,sh,100
880826,880826,2,低市盈率,1489.6600341797,index_cn,sh,100
880827,880827,2,高市净率,889.7199707031,index_cn,sh,100
880829,880829,2,低市净率,1459.0999755859,index_cn,sh,100
880833,880833,2,亏损股,420.3399963379,index_cn,sh,100
880834,880834,2,微利股,869.9099731445,index_cn,sh,100
880835,880835,2,绩优股,1476.5200195312,index_cn,sh,100
880836,880836,2,配股股,1133.9300537109,index_cn,sh,100
880837,880837,2,活跃股,24.3799991608,index_cn,sh,100
880842,880842,2,业绩预升,2516.1799316406,index_cn,sh,100
880843,880843,2,业绩预降,646.0700073242,index_cn,sh,100
880844,880844,2,预计扭亏,2581.1599121094,index_cn,sh,100
880845,880845,2,高股息股,2485.9699707031,index_cn,sh,100
880846,880846,2,破净资产,4643.4301757812,index_cn,sh,100
880847,880847,2,行业龙头,1807.4599609375,index_cn,sh,100
880848,880848,2,被举牌,1699.2099609375,index_cn,sh,100
880849,880849,2,股份回购,1537.9899902344,index_cn,sh,100
880850,880850,2,定增预案,1194.5100097656,index_cn,sh,100
880851,880851,2,已高送转,692.4199829102,index_cn,sh,100
880852,880852,2,参股新股,1391.1899414062,index_cn,sh,100
880853,880853,2,中字头,722.9400024414,index_cn,sh,100
880854,880854,2,预高送转,3392.9399414062,index_cn,sh,100
880856,880856,2,定增股,727.0700073242,index_cn,sh,100
880857,880857,2,证金持股,798.2399902344,index_cn,sh,100
880858,880858,2,国开持股,737.3599853516,index_cn,sh,100
880859,880859,2,员工持股,955.450012207,index_cn,sh,100
880860,880860,2,扣非亏损,603.3599853516,index_cn,sh,100
880861,880861,2,连续亏损,384.4400024414,index_cn,sh,100
880863,880863,2,昨日涨停,13141.33984375,index_cn,sh,100
880864,880864,2,昨日振荡,70.0800018311,index_cn,sh,100
880865,880865,2,近期新高,909.8300170898,index_cn,sh,100
880866,880866,2,近期新低,221.5800018311,index_cn,sh,100
880867,880867,2,昨高换手,260.1899986267,index_cn,sh,100
880868,880868,2,高贝塔值,709.8699951172,index_cn,sh,100
880869,880869,2,股权转让,656.0,index_cn,sh,100
880870,880870,2,两年新股,649.3099975586,index_cn,sh,100
880871,880871,2,股权分散,713.5300292969,index_cn,sh,100
880872,880872,2,最近复牌,1240.0375003815,index_cn,sh,100
880873,880873,2,个人持股,566.5100097656,index_cn,sh,100
880874,880874,2,昨曾涨停,320.0200004578,index_cn,sh,100
880875,880875,2,中小银行,816.2199707031,index_cn,sh,100
880876,880876,2,户数增加,712.700012207,index_cn,sh,100
880877,880877,2,户数减少,981.2100219727,index_cn,sh,100
880878,880878,2,百元股,700.3599853516,index_cn,sh,100
880879,880879,2,低价股,737.700012207,index_cn,sh,100
880880,880880,2,上周强势,551.299987793,index_cn,sh,100
880881,880881,2,上周弱势,561.0999755859,index_cn,sh,100
880882,880882,2,久不分红,663.3800048828,index_cn,sh,100
880883,880883,2,MSCI成份,1005.5700073242,index_cn,sh,100
880884,880884,2,近期异动,222.5800018311,index_cn,sh,100
880885,880885,2,次新开板,179.5299987793,index_cn,sh,100
880886,880886,2,昨日较强,595.9000244141,index_cn,sh,100
880887,880887,2,次新超跌,766.1599731445,index_cn,sh,100
880889,880889,2,不活跃股,899.3200073242,index_cn,sh,100
880890,880890,2,配股预案,772.0999755859,index_cn,sh,100
880891,880891,2,破发行价,769.299987793,index_cn,sh,100
880892,880892,2,高质押股,756.1699829102,index_cn,sh,100
880893,880893,2,送转超跌,776.8400268555,index_cn,sh,100
880894,880894,2,养老金,879.9699707031,index_cn,sh,100
880895,880895,2,持续增长,919.8499755859,index_cn,sh,100
880896,880896,2,风险提示,659.5800170898,index_cn,sh,100
880897,880897,2,本月解禁,788.7700195312,index_cn,sh,100
880901,880901,2,信息安全,2004.9399414062,index_cn,sh,100
880902,880902,2,特斯拉,1379.2199707031,index_cn,sh,100
880903,880903,2,水域改革,863.4899902344,index_cn,sh,100
880904,880904,2,智能机器,2113.4399414062,index_cn,sh,100
880905,880905,2,超导概念,999.5100097656,index_cn,sh,100
880906,880906,2,智能家居,1541.0200195312,index_cn,sh,100
880907,880907,2,蓝宝石,1357.5500488281,index_cn,sh,100
880908,880908,2,在线教育,887.0,index_cn,sh,100
880909,880909,2,燃料电池,941.1500244141,index_cn,sh,100
880910,880910,2,草甘膦,1273.4499511719,index_cn,sh,100
880911,880911,2,雄安新区,1280.3199462891,index_cn,sh,100
880912,880912,2,电商概念,1251.9200439453,index_cn,sh,100
880913,880913,2,基因概念,1455.6099853516,index_cn,sh,100
880915,880915,2,职业教育,971.1400146484,index_cn,sh,100
880916,880916,2,国产软件,1301.6899414062,index_cn,sh,100
880917,880917,2,央企改革,1416.8199462891,index_cn,sh,100
880918,880918,2,全息概念,1366.0699462891,index_cn,sh,100
880919,880919,2,粤港澳,1187.3100585938,index_cn,sh,100
880920,880920,2,免疫治疗,1158.6300048828,index_cn,sh,100
880921,880921,2,阿里概念,954.4000244141,index_cn,sh,100
880922,880922,2,钛金属,859.9400024414,index_cn,sh,100
880923,880923,2,赛马概念,762.8300170898,index_cn,sh,100
880925,880925,2,特钢,1064.0200195312,index_cn,sh,100
880926,880926,2,固废处理,804.0100097656,index_cn,sh,100
880927,880927,2,抗癌,1405.6199951172,index_cn,sh,100
880928,880928,2,抗流感,1203.4899902344,index_cn,sh,100
880929,880929,2,维生素,1167.3900146484,index_cn,sh,100
880930,880930,2,汽车电子,1103.9200439453,index_cn,sh,100
880931,880931,2,装饰园林,904.5900268555,index_cn,sh,100
880932,880932,2,农村金融,951.2899780273,index_cn,sh,100
880933,880933,2,智能医疗,987.8400268555,index_cn,sh,100
880935,880935,2,智能电视,575.2899780273,index_cn,sh,100
880936,880936,2,猪肉,1158.1999511719,index_cn,sh,100
880937,880937,2,网贷概念,948.8200073242,index_cn,sh,100
880938,880938,2,污水处理,811.5999755859,index_cn,sh,100
880939,880939,2,无人机,419.3699951172,index_cn,sh,100
880940,880940,2,PPP模式,453.200012207,index_cn,sh,100
880941,880941,2,跨境电商,598.7100219727,index_cn,sh,100
880942,880942,2,虚拟现实,607.0300292969,index_cn,sh,100
880943,880943,2,量子通信,883.8200073242,index_cn,sh,100
880944,880944,2,无人驾驶,776.4799804688,index_cn,sh,100
880945,880945,2,OLED概念,885.3599853516,index_cn,sh,100
880946,880946,2,区块链,670.6799926758,index_cn,sh,100
880947,880947,2,债转股,577.450012207,index_cn,sh,100
880948,880948,2,人工智能,789.1500244141,index_cn,sh,100
880949,880949,2,智慧城市,716.5599975586,index_cn,sh,100
880950,880950,2,军民融合,714.0900268555,index_cn,sh,100
880951,880951,2,新能源车,740.6099853516,index_cn,sh,100
880952,880952,2,芯片,855.4199829102,index_cn,sh,100
880953,880953,2,租购同权,613.1799926758,index_cn,sh,100
880954,880954,2,大数据,853.8900146484,index_cn,sh,100
880955,880955,2,乡村振兴,825.7399902344,index_cn,sh,100
880956,880956,2,腾讯概念,828.799987793,index_cn,sh,100
880957,880957,2,工业互联,813.200012207,index_cn,sh,100
880958,880958,2,独角兽,795.4899902344,index_cn,sh,100
880959,880959,2,知识产权,774.3699951172,index_cn,sh,100
880960,880960,2,仿制药,889.3499755859,index_cn,sh,100
880961,880961,2,小米概念,829.1900024414,index_cn,sh,100
880962,880962,2,百度概念,794.8699951172,index_cn,sh,100
880981,880981,2,TDX 能源,1104.6199951172,index_cn,sh,100
880982,880982,2,TDX 材料,1375.2299804688,index_cn,sh,100
880983,880983,2,TDX 消费,2052.1101074219,index_cn,sh,100
880984,880984,2,TDX 可选,1996.6999511719,index_cn,sh,100
880985,880985,2,TDX 商贸,1429.4100341797,index_cn,sh,100
880986,880986,2,TDX 服务,1457.8699951172,index_cn,sh,100
880987,880987,2,TDX 制造,1378.6800537109,index_cn,sh,100
880988,880988,2,TDX 公用,1202.1400146484,index_cn,sh,100
880989,880989,2,TDX 交运,1626.4399414062,index_cn,sh,100
880990,880990,2,TDX 金融,1637.6199951172,index_cn,sh,100
880991,880991,2,TDX 建设,1613.4799804688,index_cn,sh,100
880992,880992,2,TDX 信息,2077.7600097656,index_cn,sh,100
880993,880993,2,TDX 综企,1043.9000244141,index_cn,sh,100
